a and d businesses,  AerospacDefense
a and d industry,  AerospacDefense
a and d m and a,  AerospacDefense
a and d products,  AerospacDefense
aerospace prime contractors/,  AerospacDefense
aftermarket service offerings,  AerospacDefense
air travel,  AerospacDefense
aircraft industry,  AerospacDefense
airline travel,  AerospacDefense
asset availability,  AerospacDefense
asset related data,  AerospacDefense
budget deficits,  AerospacDefense
commercial acquisition practices,  AerospacDefense
commercial aircraft industry,  AerospacDefense
complete products,  AerospacDefense
complex value chains,  AerospacDefense
contractors,  AerospacDefense
corporate support functions,  AerospacDefense
defense industry,  AerospacDefense
defense prime contractors,  AerospacDefense
development costs,  AerospacDefense
domestic air travel,  AerospacDefense
first-tier subcontractors,  AerospacDefense
fourth-tier subcontractors,  AerospacDefense
fuel costs,  AerospacDefense
fuel-efficient aircraft,  AerospacDefense
fundamental a and d research,  AerospacDefense
global supply chains,  AerospacDefense
government budget deficits,  AerospacDefense
governments fiscal challenges,  AerospacDefense
improved asset availability,  AerospacDefense
innovative after-market services,  AerospacDefense
integrated service management,  AerospacDefense
inventory,  AerospacDefense
ipi,  AerospacDefense
key business benefits,  AerospacDefense
large global players,  AerospacDefense
large-scale a and d projects,  AerospacDefense
logistics,  AerospacDefense
manufacturing and supply chain optimization,  AerospacDefense
new product innovation,  AerospacDefense
new products,  AerospacDefense
new revenue streams,  AerospacDefense
next-generation aircraft programs,  AerospacDefense
optimizes asset availability,  AerospacDefense
overall development efforts,  AerospacDefense
performance optimization,  AerospacDefense
prime contractors/,  AerospacDefense
producer,  AerospacDefense
product innovation,  AerospacDefense
rapidly changing business,  AerospacDefense
reduced capital costs,  AerospacDefense
reduced maintenance costs,  AerospacDefense
relatively small number,  AerospacDefense
relevant governmental acquisition,  AerospacDefense
second-tier subcontractors,  AerospacDefense
supply chain,  AerospacDefense
supply chain management,  AerospacDefense
supply chain optimization,  AerospacDefense
system integrators,  AerospacDefense
360 degree,  Automotive
automobile,  Automotive
automotive industry,  Automotive
automotive retail- multi,  Automotive
commercial vehicles,  Automotive
connected vehicle,  Automotive
construction transportation tasks,  Automotive
consumer intelligence and engagement,  Automotive
continuous engineering,  Automotive
customer,  Automotive
customer engagement,  Automotive
customer experience focus,  Automotive
customer serviceability requirements,  Automotive
demand volatility,  Automotive
digital business models,  Automotive
digital business models and services,  Automotive
digital commerce and marketing,  Automotive
digital lifestyle formats,  Automotive
digital supply chain,  Automotive
distribution network costs,  Automotive
economic growth,  Automotive
entire relationship cycle,  Automotive
fore key sustainability,  Automotive
general motors,  Automotive
greater customer expectations,  Automotive
growth markets,  Automotive
heavy commercial vehicles,  Automotive
heavy equipment,  Automotive
higher value products,  Automotive
infrastructure investment,  Automotive
integrates information,  Automotive
lackluster recovery,  Automotive
light vehicles,  Automotive
major change factors,  Automotive
major markets,  Automotive
market development,  Automotive
marketplace trends,  Automotive
mega-cities,  Automotive
mini vans,  Automotive
multiple channels,  Automotive
new business models,  Automotive
new communication mediums,  Automotive
new government regulations,  Automotive
new opportunities,  Automotive
oil prices,  Automotive
overcrowded mega-cities,  Automotive
personal mobility solutions,  Automotive
primarily commercial vehicles,  Automotive
rapid economic growth,  Automotive
rich opportunities,  Automotive
smarter automotive commerce,  Automotive
sophisticated analytical tools,  Automotive
strategic value chain,  Automotive
supply chain,  Automotive
transport,  Automotive
vehicle,  Automotive
vehicle security,  Automotive
volkswagen group,  Automotive
actuarial science,  Banking
agile banking environment,  Banking
bank,  Banking
banking customers,  Banking
banking industry,  Banking
banking systems,  Banking
banks,  Banking
business lines,  Banking
business resiliency,  Banking
central banks,  Banking
commercial payments,  Banking
consumer payments business,  Banking
core banking modernization,  Banking
core banking systems,  Banking
core systems transformation,  Banking
credit union,  Banking
customer centric model,  Banking
customer insight,  Banking
enterprise risk,  Banking
finance,  Banking
financial crimes,  Banking
financial firms,  Banking
financial institutions,  Banking
financial instrument complexity,  Banking
financial needs,  Banking
financial policy,  Banking
financial risk,  Banking
financial service providers,  Banking
financial services,  Banking
financial transactions,  Banking
fraud,  Banking
global banks,  Banking
global economy,  Banking
insatiable customer appetite,  Banking
integrated risk management,  Banking
investment banking,  Banking
large-scale modernization efforts,  Banking
legacy risk models,  Banking
mobile payments,  Banking
new global standards,  Banking
non-bank credit institutions,  Banking
office transformation- designed,  Banking
operational firms,  Banking
operational risk,  Banking
payments,  Banking
potential reputational damage,  Banking
processors and operational firms,  Banking
product centric business,  Banking
rapidly changing customer,  Banking
real estate,  Banking
real estate loans,  Banking
reconfigure existing ones,  Banking
regulatory requirements,  Banking
return on investment,  Banking
risk,  Banking
risk exposure,  Banking
risk impacts,  Banking
risk management,  Banking
risk reporting,  Banking
simple credit unions,  Banking
sovereign debt crisis,  Banking
sufficient risk management,  Banking
superior customer experiences,  Banking
transaction services,  Banking
vital financial infrastructure,  Banking
actionable insights,  ChemPetrol
better responses,  ChemPetrol
chemicals - solutions,  ChemPetrol
core business,  ChemPetrol
current marketplace,  ChemPetrol
downstream petroleum,  ChemPetrol
downstream- companies,  ChemPetrol
energy producers,  ChemPetrol
energy sustainability,  ChemPetrol
enterprise and predictive asset management,  ChemPetrol
environment processes,  ChemPetrol
environmental concerns,  ChemPetrol
extracted oil,  ChemPetrol
fossil fuel,  ChemPetrol
foundational enterprise platform,  ChemPetrol
gas companies,  ChemPetrol
gas reserves,  ChemPetrol
global energy producers,  ChemPetrol
global supply chains,  ChemPetrol
holistic approach,  ChemPetrol
hse solution,  ChemPetrol
hydrocarbon,  ChemPetrol
inaccessible reservoirs,  ChemPetrol
management,  ChemPetrol
market fluctuations,  ChemPetrol
midstream companies,  ChemPetrol
natural gas,  ChemPetrol
network models,  ChemPetrol
new technologies,  ChemPetrol
oil,  ChemPetrol
overall corporate strategy,  ChemPetrol
petroleum,  ChemPetrol
petroleum- solutions,  ChemPetrol
physical distribution network,  ChemPetrol
potential equipment problems,  ChemPetrol
predictive asset management,  ChemPetrol
production operations,  ChemPetrol
renewable energy,  ChemPetrol
renewable energy sources,  ChemPetrol
service impact,  ChemPetrol
shale gas,  ChemPetrol
significant transformation,  ChemPetrol
smart manufacturing solution,  ChemPetrol
smarter manufacturing,  ChemPetrol
stream/all segments- solutions,  ChemPetrol
supply chain,  ChemPetrol
supply chain management,  ChemPetrol
supply chain optimization,  ChemPetrol
sustainable operations,  ChemPetrol
turnaround time,  ChemPetrol
unconventional resources,  ChemPetrol
upstream petroleum- solutions,  ChemPetrol
upstream- companies,  ChemPetrol
usable products,  ChemPetrol
water management initiatives,  ChemPetrol
world demand,  ChemPetrol
actionable insights,  CPG
advanced analytics capabilities,  CPG
agribusiness,  CPG
animal products,  CPG
better channel partner,  CPG
big data drives,  CPG
channel partner,  CPG
channel partner analytics,  CPG
channel partner analytics and collaboration,  CPG
channel partner sales,  CPG
channel partners,  CPG
consumer insights and engagement,  CPG
consumer products,  CPG
consumer products manufacturers,  CPG
cp companies,  CPG
cp company networks,  CPG
cp product manufacturers,  CPG
cp trends,  CPG
cpg companies,  CPG
develop consumer experience,  CPG
distribution,  CPG
ecommerce sales,  CPG
economy sources products,  CPG
external data,  CPG
farm-to-fork food supply,  CPG
finished good,  CPG
food,  CPG
food supply,  CPG
global economy,  CPG
health maintenance goods,  CPG
healthcare remedies manufacturers,  CPG
household products,  CPG
laundry products,  CPG
manufacturing,  CPG
marketing,  CPG
marketing campaign,  CPG
maximize sales performance,  CPG
new growth opportunities,  CPG
operations,  CPG
order management,  CPG
paper products,  CPG
performance management and planning,  CPG
plant products,  CPG
plastic product manufacturers,  CPG
primary food processing,  CPG
private label sales,  CPG
product safety,  CPG
purchase preferences,  CPG
pure distribution companies,  CPG
raw materials,  CPG
raw materials suppliers,  CPG
related products,  CPG
retailer store outlets,  CPG
sales performance,  CPG
sales strategy,  CPG
smarter channel collaboration,  CPG
soft drink manufacturers,  CPG
steady growth,  CPG
supply chain,  CPG
supply chain management terms,  CPG
tobacco product manufacturers,  CPG
wearable products manufacturers,  CPG
wholesale electronic marketers,  CPG
ada,  Education
administrator,  Education
advanced degrees,  Education
board of regents,  Education
business process,  Education
civil rights,  Education
college,  Education
community college,  Education
complex school funding,  Education
controlled school districts,  Education
department of education,  Education
education,  Education
education agencies,  Education
education entities,  Education
education industry,  Education
education industry trends,  Education
education legislative budgets,  Education
education performance management,  Education
experienced public school,  Education
federal funding,  Education
federal funding programs,  Education
federal funding supplements,  Education
federal government,  Education
financial aid,  Education
formal education,  Education
global economy,  Education
gymnasium,  Education
high school,  Education
higher education,  Education
higher education board,  Education
higher education credits,  Education
higher education funding,  Education
higher education systems,  Education
independent government entities,  Education
individual school districts,  Education
informal education,  Education
k-12 education,  Education
labor market,  Education
local governments,  Education
locally elected school,  Education
north american,  Education
post-secondary education,  Education
post-secondary higher education,  Education
president bush,  Education
primary education,  Education
private schools,  Education
property taxes,  Education
public education,  Education
public higher education,  Education
public school,  Education
public school budgets,  Education
public school performance,  Education
research grants,  Education
school,  Education
school districts,  Education
school types,  Education
schools,  Education
secondary education,  Education
secondary school levels,  Education
secondary schools,  Education
special education,  Education
state department of education,  Education
state education departments,  Education
state government funds,  Education
state higher education,  Education
state law,  Education
state legislature,  Education
student,  Education
student achievement,  Education
students,  Education
superintendent,  Education
unemployment rates,  Education
us department of education,  Education
business ecosystem,  Electronics
business electronics equipment,  Electronics
chain management,  Electronics
chain management process,  Electronics
complex product data,  Electronics
computer,  Electronics
computers - producers,  Electronics
connected devices,  Electronics
consumer devices,  Electronics
consumer electronics,  Electronics
cost effective way,  Electronics
cross-industry collaboration,  Electronics
customer behavior patterns,  Electronics
customer influence,  Electronics
customer relationships,  Electronics
electronics companies,  Electronics
electronics firms,  Electronics
electronics industry,  Electronics
electronics manufacturing services,  Electronics
enormous potential,  Electronics
equipment producers,  Electronics
equipment providers,  Electronics
extended enterprise collaboration,  Electronics
global innovation,  Electronics
home appliances producers,  Electronics
industrial network infrastructure,  Electronics
innovation,  Electronics
intelligent supply chain management and manufacturing,  Electronics
iot era,  Electronics
key functional areas,  Electronics
lcd display panels,  Electronics
long-lived capital equipment,  Electronics
manufacturing,  Electronics
manufacturing services- producers,  Electronics
marketing,  Electronics
marketing campaign,  Electronics
medical devices- producers,  Electronics
mobile phones,  Electronics
monitoring solution,  Electronics
network equipment providers- producers,  Electronics
new business opportunities,  Electronics
office products and computers- producers,  Electronics
power automation,  Electronics
power automation equipment- producers,  Electronics
power generation,  Electronics
predictive asset optimization,  Electronics
product development,  Electronics
products iot solution,  Electronics
semiconductor capital equipment,  Electronics
semiconductor suppliers and manufacturing services,  Electronics
service delivery infrastructure,  Electronics
service differentiation- helps,  Electronics
social marketing and customer intelligence,  Electronics
solution spans strategy,  Electronics
supply chain,  Electronics
supply chain management,  Electronics
supply chain optimization,  Electronics
synchronizes customer data,  Electronics
ubiquitous connectivity,  Electronics
value chain,  Electronics
web-enabled devices,  Electronics
asset and workforce management,  EnergyUtilit
asset performance,  EnergyUtilit
asset performance management,  EnergyUtilit
asset planning,  EnergyUtilit
climate change,  EnergyUtilit
current areas,  EnergyUtilit
customer experience and engagement,  EnergyUtilit
customer satisfaction,  EnergyUtilit
customer systems,  EnergyUtilit
customers,  EnergyUtilit
customized customer experience,  EnergyUtilit
disruptive technologies,  EnergyUtilit
disruptive technology,  EnergyUtilit
disruptively innovate business,  EnergyUtilit
distribution organizations,  EnergyUtilit
dynamic environment,  EnergyUtilit
economic competitiveness,  EnergyUtilit
electric power,  EnergyUtilit
electric power transmission,  EnergyUtilit
electrical engineering,  EnergyUtilit
electricity market,  EnergyUtilit
end-user customers,  EnergyUtilit
energy development,  EnergyUtilit
energy integrator- embrace,  EnergyUtilit
energy policy,  EnergyUtilit
energy security,  EnergyUtilit
energy-flow variability,  EnergyUtilit
engaged consumers,  EnergyUtilit
environmental concerns,  EnergyUtilit
environmental sustainability,  EnergyUtilit
include organizations,  EnergyUtilit
large-scale wind,  EnergyUtilit
lightning,  EnergyUtilit
meter infrastructure operation,  EnergyUtilit
natural gas,  EnergyUtilit
natural gas pipelines,  EnergyUtilit
natural gas transmission,  EnergyUtilit
new market entrants,  EnergyUtilit
prolong asset life,  EnergyUtilit
residential customers,  EnergyUtilit
retail electric providers,  EnergyUtilit
retail service providers,  EnergyUtilit
smart meter,  EnergyUtilit
transformer,  EnergyUtilit
transmission network performance,  EnergyUtilit
transmission organizations,  EnergyUtilit
unregulated entities,  EnergyUtilit
unregulated markets,  EnergyUtilit
utilities organizations,  EnergyUtilit
utility organizations,  EnergyUtilit
wholesale trading,  EnergyUtilit
workforce productivity,  EnergyUtilit
acceptable roes,  FinanceMkts
advanced front office,  FinanceMkts
agile enterprises,  FinanceMkts
auto loans,  FinanceMkts
banks,  FinanceMkts
basic investment products,  FinanceMkts
business loans,  FinanceMkts
business resiliency,  FinanceMkts
closed-end fund,  FinanceMkts
collective investment scheme,  FinanceMkts
collective investment vehicle,  FinanceMkts
commercial banks,  FinanceMkts
core banking modernization,  FinanceMkts
core business,  FinanceMkts
core systems transformation,  FinanceMkts
customer centric model,  FinanceMkts
customer demand,  FinanceMkts
customer service,  FinanceMkts
exchange-traded fund,  FinanceMkts
financial crimes,  FinanceMkts
financial events,  FinanceMkts
financial firms,  FinanceMkts
financial instrument complexity,  FinanceMkts
financial market firms,  FinanceMkts
financial markets,  FinanceMkts
financial risk,  FinanceMkts
financial services,  FinanceMkts
fraud,  FinanceMkts
general public,  FinanceMkts
hedge fund,  FinanceMkts
hedge funds,  FinanceMkts
insurance companies,  FinanceMkts
integrated risk management,  FinanceMkts
investment,  FinanceMkts
investment bankers,  FinanceMkts
investment banks,  FinanceMkts
investment fund,  FinanceMkts
investment professionals,  FinanceMkts
large-scale modernization efforts,  FinanceMkts
legacy risk models,  FinanceMkts
macroeconomic pressures,  FinanceMkts
mortgage lending,  FinanceMkts
mutual funds,  FinanceMkts
newly issued securities,  FinanceMkts
office transformation- create,  FinanceMkts
open-end fund,  FinanceMkts
operational risk,  FinanceMkts
optimize risk,  FinanceMkts
pension fund,  FinanceMkts
pension funds,  FinanceMkts
personal financial goals,  FinanceMkts
potential reputational damage,  FinanceMkts
private equity funds,  FinanceMkts
product centric business,  FinanceMkts
product design,  FinanceMkts
rapidly changing customer,  FinanceMkts
regulatory changes,  FinanceMkts
return on investment,  FinanceMkts
risk exposure,  FinanceMkts
risk management,  FinanceMkts
risk reporting,  FinanceMkts
tough regulatory environment,  FinanceMkts
transaction services,  FinanceMkts
transaction services- drive,  FinanceMkts
unit trust,  FinanceMkts
unstructured data,  FinanceMkts
wealth management,  FinanceMkts
wealth management,  FinanceMkts
better,  Government
border management staff,  Government
border management- agencies,  Government
citizen-centric social programs,  Government
citizens,  Government
consequence analysis functionality,  Government
customs cargo clearance,  Government
different responsive actions,  Government
digital security infrastructure,  Government
disability management,  Government
economic interdependence,  Government
economic prosperity,  Government
emergency management,  Government
fair enforceable tax,  Government
fake travel documents,  Government
financial performance management,  Government
fiscal management,  Government
fiscal policy,  Government
fiscal risks,  Government
fraud,  Government
functional area,  Government
global financial crisis,  Government
government,  Government
governments,  Government
governments programs,  Government
ibm applies systems,  Government
increase operational efficiency,  Government
integrated supply chains,  Government
international trade,  Government
macro-economic structural changes,  Government
monetary policy,  Government
multi-modal transportation systems,  Government
national security,  Government
national security concerns,  Government
natural disasters,  Government
natural resources,  Government
obvious ones,  Government
operational efficiency,  Government
passport free travel,  Government
prevent fraud,  Government
prioritizes fraud investigation,  Government
public safety,  Government
public safety systems,  Government
public safety- protect,  Government
public sector budgets,  Government
real time,  Government
real time sharing,  Government
risk,  Government
risk management,  Government
security,  Government
security threats,  Government
social assistance,  Government
social program management,  Government
social services,  Government
social technologies,  Government
space management,  Government
structural fiscal issues,  Government
time safety,  Government
transportation systems,  Government
transportation systems- build,  Government
academic medical centers,  Healthcare
acute care facility,  Healthcare
ambulatory service providers,  Healthcare
ancillary medical functions,  Healthcare
biotech firms,  Healthcare
business process,  Healthcare
business process modernization,  Healthcare
care coordination - improve,  Healthcare
care delivery enterprise,  Healthcare
care management,  Healthcare
care personalization,  Healthcare
care services,  Healthcare
central estates,  Healthcare
cerner,  Healthcare
chemical compounds,  Healthcare
clinical research,  Healthcare
compel individuals,  Healthcare
complex array,  Healthcare
crm,  Healthcare
current marketplace,  Healthcare
data reservoir,  Healthcare
diagnostic services,  Healthcare
doctor,  Healthcare
engagement- reduce disparities,  Healthcare
epic,  Healthcare
government agencies,  Healthcare
greater transparency,  Healthcare
health,  Healthcare
health care,  Healthcare
health care,  Healthcare
health economics,  Healthcare
health insurance,  Healthcare
health insurance companies,  Healthcare
health system performance,  Healthcare
health system performance and optimization,  Healthcare
health systems,  Healthcare
healthcare,  Healthcare
healthcare industry,  Healthcare
individual insurance policies,  Healthcare
innovative devices,  Healthcare
insurance,  Healthcare
insurance policies,  Healthcare
integration services,  Healthcare
life sciences,  Healthcare
medical administrators,  Healthcare
medical device manufacturers,  Healthcare
medical equipment manufacturers,  Healthcare
medical professions,  Healthcare
medicine,  Healthcare
non-institutional care facilities,  Healthcare
nursing,  Healthcare
nursing homes,  Healthcare
patient,  Healthcare
patient centricity,  Healthcare
patient portal,  Healthcare
pharmaceutical companies,  Healthcare
population health insights,  Healthcare
portal,  Healthcare
primary care physicians,  Healthcare
private health insurers,  Healthcare
provider portal,  Healthcare
real-time operations and analytics,  Healthcare
standards-based collaborative environment,  Healthcare
therapeutic services,  Healthcare
voluntary agencies,  Healthcare
wide variety,  Healthcare
analytics-driven enterprise planning,  InduProds
asset development solution,  InduProds
asset handover,  InduProds
asset maintenance costs,  InduProds
asset management,  InduProds
asset management and optimization,  InduProds
asset management costs,  InduProds
asset management tools,  InduProds
basic processing,  InduProds
better information,  InduProds
business process,  InduProds
business process innovation,  InduProds
capital projects,  InduProds
cognitive construction,  InduProds
cognitive value chain,  InduProds
commodity prices,  InduProds
control,  InduProds
controlling costs,  InduProds
current marketplace,  InduProds
customer experience management,  InduProds
digital data lifecycle,  InduProds
enterprise asset management,  InduProds
enterprise management solution,  InduProds
enterprise operations,  InduProds
environmental protection,  InduProds
facility handover,  InduProds
government regulation,  InduProds
labor issues,  InduProds
logistics,  InduProds
maintenance capabilities,  InduProds
management,  InduProds
manufacturing value chain,  InduProds
metal ore minerals,  InduProds
metals extraction,  InduProds
mining extraction,  InduProds
mining operations costs,  InduProds
non-metallic minerals,  InduProds
operations,  InduProds
operations and maintenance,  InduProds
operations research,  InduProds
operations- maximize return,  InduProds
overall asset,  InduProds
political trends,  InduProds
project execution services,  InduProds
project management,  InduProds
supply chain,  InduProds
supply chain management,  InduProds
sustainability issues,  InduProds
unplanned shutdowns,  InduProds
value chain manufacturing,  InduProds
worldwide attention,  InduProds
adjuster,  Insurance
assessment,  Insurance
auto,  Insurance
boat,  Insurance
bodily injury,  Insurance
casualty insurers ,  Insurance
claim,  Insurance
claims,  Insurance
claims department,  Insurance
claims processing,  Insurance
co-insurance,  Insurance
co-insured,  Insurance
collision,  Insurance
commercial building,  Insurance
coverage,  Insurance
damages,  Insurance
deductible,  Insurance
disability,  Insurance
emergency coverage,  Insurance
extended coverage,  Insurance
fire,  Insurance
fraud,  Insurance
gap insurance,  Insurance
group insurance,  Insurance
health,  Insurance
home,  Insurance
insurance,  Insurance
insurance carriers ,  Insurance
insurer profits ,  Insurance
insurers ,  Insurance
liability,  Insurance
life,  Insurance
life assurance,  Insurance
loss of vehicle,  Insurance
malpractice,  Insurance
medical malpractice,  Insurance
motor,  Insurance
natural causes,  Insurance
personal injury protection,  Insurance
policy,  Insurance
policy holder,  Insurance
policyholder premiums ,  Insurance
potentially fraudulent activity ,  Insurance
pre-existing ailment,  Insurance
pre-existing condition,  Insurance
preexisting ailment,  Insurance
preexisting condition,  Insurance
premium,  Insurance
proactive fraud detection ,  Insurance
property damage,  Insurance
property insurers ,  Insurance
risk,  Insurance
settlement,  Insurance
sum assured,  Insurance
sum insured,  Insurance
superior claims experience ,  Insurance
theft insurance,  Insurance
theft of vehicle,  Insurance
under insured,  Insurance
under-insured,  Insurance
underwriter,  Insurance
uninsured,  Insurance
universal group insurance,  Insurance
universal insuarnce,  Insurance
universal life insurance,  Insurance
advanced life science,  Life Sciences
analytics-driven care management,  Life Sciences
annual revenue,  Life Sciences
apac,  Life Sciences
bi software,  Life Sciences
big pharma,  Life Sciences
biology,  Life Sciences
biotechnology,  Life Sciences
biotechnology industry,  Life Sciences
biotechnology product manufacturing,  Life Sciences
brand listed drug,  Life Sciences
clinical development processes,  Life Sciences
clinical trial,  Life Sciences
closed-loop marketing tools,  Life Sciences
cloud adoption,  Life Sciences
combined annual revenue,  Life Sciences
commercial analytics and effectiveness,  Life Sciences
contract research organization,  Life Sciences
cost containment measures,  Life Sciences
digital health solutions,  Life Sciences
drug product,  Life Sciences
end-to-end process simplification,  Life Sciences
global cro market,  Life Sciences
global pharmaceuticals,  Life Sciences
global spending,  Life Sciences
government research labs,  Life Sciences
high growth markets,  Life Sciences
highly fragmented segment,  Life Sciences
hybrid cloud market,  Life Sciences
in vitro diagnostics,  Life Sciences
large drug multi-nationals,  Life Sciences
large sized pharma,  Life Sciences
life science companies,  Life Sciences
life sciences,  Life Sciences
life sciences clients,  Life Sciences
life sciences industry,  Life Sciences
life sciences outlook,  Life Sciences
life sciences segments,  Life Sciences
marketing,  Life Sciences
marketing campaign,  Life Sciences
medical and diagnostic laboratories,  Life Sciences
medical device,  Life Sciences
medical device industries,  Life Sciences
medical device industry,  Life Sciences
medical device market,  Life Sciences
medical field,  Life Sciences
medicine,  Life Sciences
multi-billion-dollar healthcare companies,  Life Sciences
overall market growth,  Life Sciences
pharma segment accounting,  Life Sciences
pharmaceutical companies,  Life Sciences
pharmaceutical industry,  Life Sciences
pharmacology,  Life Sciences
population growth,  Life Sciences
rapidly changing business,  Life Sciences
select apac countries,  Life Sciences
significant brand-name drugs,  Life Sciences
specialty pharmaceutical companies,  Life Sciences
various ancillary support,  Life Sciences
vitro diagnostics,  Life Sciences
vivo diagnostics,  Life Sciences
advertising,  MediaEntert
advertising material,  MediaEntert
advertising sales,  MediaEntert
aggregate content,  MediaEntert
blog,  MediaEntert
broadcasting,  MediaEntert
content acquisition,  MediaEntert
content sites,  MediaEntert
create marketing/advertising,  MediaEntert
creative consulting,  MediaEntert
customer engagement,  MediaEntert
customer experience,  MediaEntert
customer insight,  MediaEntert
customer insight and marketing optimization,  MediaEntert
customer profiles,  MediaEntert
customer service,  MediaEntert
customer value,  MediaEntert
different industry segments,  MediaEntert
digital supply chain,  MediaEntert
digital video,  MediaEntert
digital video content,  MediaEntert
dramatic forces,  MediaEntert
entertainment,  MediaEntert
entertainment industry,  MediaEntert
exponential growth,  MediaEntert
gaming sites,  MediaEntert
global media,  MediaEntert
heightened customer expectations,  MediaEntert
incudes cloud,  MediaEntert
information providers,  MediaEntert
innovative digital experiences,  MediaEntert
internet content,  MediaEntert
internet-based services,  MediaEntert
marketing,  MediaEntert
mass media,  MediaEntert
media companies,  MediaEntert
media planning,  MediaEntert
motion pictures,  MediaEntert
multiple distribution channels,  MediaEntert
multiple platforms,  MediaEntert
new digital business,  MediaEntert
new products,  MediaEntert
new services,  MediaEntert
operate internet sites,  MediaEntert
production companies,  MediaEntert
publishing,  MediaEntert
rapid adoption,  MediaEntert
rapidly changing business,  MediaEntert
recorded content,  MediaEntert
return on investment,  MediaEntert
satellite broadcasters,  MediaEntert
search engines,  MediaEntert
social media,  MediaEntert
social media sites,  MediaEntert
supply chain,  MediaEntert
television networks,  MediaEntert
television programming,  MediaEntert
television stations,  MediaEntert
traditional media consumption,  MediaEntert
agile supply chain,  Retail
all-purpose convenience locations,  Retail
apparel stores - clothing,  Retail
baseline requirement,  Retail
business models,  Retail
business success,  Retail
commerce,  Retail
convenience stores,  Retail
critical competitive issue,  Retail
customer behavior,  Retail
customer demand,  Retail
customer touch points,  Retail
customer trend,  Retail
daily necessities,  Retail
department store merchandise,  Retail
drive profitable growth,  Retail
electronics stores,  Retail
general merchandise stores,  Retail
home centers,  Retail
little room,  Retail
lowers overall costs,  Retail
market share,  Retail
merchandise planning,  Retail
merchandising,  Retail
multichannel retail,  Retail
new competition,  Retail
omni-channel commerce,  Retail
omni-channel merchandising,  Retail
omni-channel supply,  Retail
out-of-stock items,  Retail
personal care items,  Retail
physical stores,  Retail
restaurants,  Retail
retail industry,  Retail
retail operations,  Retail
retail organizations,  Retail
retail pharmacies,  Retail
retailers,  Retail
retailing,  Retail
sales,  Retail
single view,  Retail
social channels,  Retail
strong physical presence,  Retail
style goods,  Retail
supply chain,  Retail
supply chain visibility,  Retail
supply networks,  Retail
target individual customers,  Retail
valuable space,  Retail
better customer service,  Telco
business focus,  Telco
business management structure,  Telco
business operational functions,  Telco
business process,  Telco
cash management,  Telco
cloud security,  Telco
company operating,  Telco
competitive landscape,  Telco
current marketplace,  Telco
customer insight,  Telco
customer loyalty,  Telco
customer service,  Telco
dynamic hybrid,  Telco
economics,  Telco
enterprise excellence,  Telco
entire enterprise,  Telco
exponential increase,  Telco
fraud,  Telco
global process services,  Telco
global technological change,  Telco
globalization,  Telco
globally integrated enterprise,  Telco
hybrid ict cloud,  Telco
large enterprise,  Telco
large impact,  Telco
management,  Telco
market challenger,  Telco
network clouds,  Telco
new revenue,  Telco
next-generation networks,  Telco
omni-channel engagement,  Telco
outstanding personalized engagements,  Telco
paradoxical combination,  Telco
performance management dashboards,  Telco
private modular cloud,  Telco
process management,  Telco
profit margins,  Telco
regional operator,  Telco
scm transformation,  Telco
service,  Telco
service excellence,  Telco
service of process,  Telco
shrinking revenue growth,  Telco
small business,  Telco
tax accounting,  Telco
telecommunications industry,  Telco
telecoms,  Telco
travel expense control,  Telco
air cargo companies,  TravelTransp
american airlines,  TravelTransp
cargo,  TravelTransp
commercial item transport and distribution,  TravelTransp
computer reservations system,  TravelTransp
container shipping lines,  TravelTransp
core systems transformation,  TravelTransp
crs,  TravelTransp
customer channel optimization,  TravelTransp
customer service systems,  TravelTransp
deep financial losses,  TravelTransp
different operational functions,  TravelTransp
door container service,  TravelTransp
economic recession,  TravelTransp
end-to-end customer experience,  TravelTransp
european debt crisis,  TravelTransp
excess capacity,  TravelTransp
fluid distribution models,  TravelTransp
fourth party logistics,  TravelTransp
freight logistics,  TravelTransp
freight logistics companies,  TravelTransp
freight rail,  TravelTransp
freight rail companies,  TravelTransp
global distribution systems,  TravelTransp
global economic recession,  TravelTransp
high fuel prices,  TravelTransp
high speed railways,  TravelTransp
integrated operational plans,  TravelTransp
intelligent asset management,  TravelTransp
lcc,  TravelTransp
lead logistics provider,  TravelTransp
llp,  TravelTransp
logistics,  TravelTransp
logistics service providers,  TravelTransp
lost growth opportunity,  TravelTransp
low cost carriers,  TravelTransp
main revenue sources,  TravelTransp
many freight logistics,  TravelTransp
multiple service classes,  TravelTransp
new business strategies,  TravelTransp
normally transport packages,  TravelTransp
party logistics,  TravelTransp
passenger rail companies,  TravelTransp
passenger reservations systems,  TravelTransp
passenger travel,  TravelTransp
personalized customer engagements,  TravelTransp
physical assets,  TravelTransp
prolong asset life,  TravelTransp
rapidly changing business,  TravelTransp
real time,  TravelTransp
real time data,  TravelTransp
reservation systems,  TravelTransp
sabre,  TravelTransp
service oriented architecture,  TravelTransp
short term automobile,  TravelTransp
significant industry threats,  TravelTransp
small local carriers,  TravelTransp
sophistication combines warehousing,  TravelTransp
supply chain,  TravelTransp
supply chain management,  TravelTransp
third party logistics,  TravelTransp
third-party logistics,  TravelTransp
track shipments door,  TravelTransp
transport,  TravelTransp
transportation,  TravelTransp
transportation industry,  TravelTransp
travel agencies,  TravelTransp
up-sell travel services,  TravelTransp
weak consumer confidence,  TravelTransp
